{
	"name": "Oyamada Alicia",
	"vendorId": "0x7A79",
	"productId": "0x1528",
	"lighting": "vialrgb",
	"matrix": {
		"rows": 4,
		"cols": 13
	},
	"layouts": {
		"keymap": [
			[
				{
					"x": 0.2,
					"c": "#aaaaaa",
					"sm": "cherry",
					"w": 1.5
				},
				"0,0",
				{
					"c": "#cccccc"
				},
				"0,1",
				{
					"x": 0.20000000000000018
				},
				"0,2",
				"0,3",
				"0,4",
				"0,5",
				{
					"x": 0.9000000000000004
				},
				"0,6",
				"0,7",
				"0,8",
				"0,9",
				{
					"x": 0.25
				},
				"0,10",
				"0,11",
				"0,12"
			],
			[
				{
					"x": 0.1,
					"c": "#aaaaaa",
					"w": 1.75
				},
				"1,0",
				{
					"c": "#cccccc"
				},
				"1,1",
				{
					"x": 0.25
				},
				"1,2",
				"1,3",
				"1,4",
				"1,5",
				{
					"x": 0.8499999999999996
				},
				"1,6",
				"1,7",
				"1,8",
				"1,9",
				{
					"x": 0.40000000000000036
				},
				"1,10",
				"1,11",
				"1,12"
			],
			[
				{
					"x": 0.1,
					"c": "#aaaaaa",
					"w": 1.75
				},
				"2,0",
				{
					"c": "#cccccc"
				},
				"2,1",
				{
					"x": 0.4500000000000002
				},
				"2,2",
				"2,3",
				"2,4",
				"2,5",
				{
					"x": 1
				},
				"2,6",
				"2,7",
				"2,8",
				{
					"x": 0.75
				},
				"2,9",
				"2,10",
				{
					"c": "#aaaaaa",
					"w": 1.25
				},
				"2,11"
			],
			[
				{
					"x": 0.2,
					"w": 1.5
				},
				"3,0",
				{
					"x": 2.05,
					"w": 1.25
				},
				"3,1",
				{
					"w": 1.5
				},
				"3,2",
				{
					"c": "#777777"
				},
				"3,3",
				{
					"x": 0.40000000000000036
				},
				"3,4",
				{
					"c": "#aaaaaa",
					"w": 1.25
				},
				"3,5",
				{
					"w": 1.25
				},
				"3,6",
				{
					"x": 2.1500000000000004,
					"w": 1.5
				},
				"3,7"
			]
		]
	}
}