{
  "name": "GPK60-46SGR",
  "vendorId": "0xFEED",
  "productId": "0x1423",
  "lighting": "none",
  "matrix": {
    "rows": 4,
    "cols": 13
  },
  "layouts": {
    "labels": [],
    "keymap": [
      [
        {
          "y": 0.45,
          "x": 0.2,
          "sm": "cherry",
          "w": 1.5
        },
        "0,0",
        "0,1",
        {
          "x": 9.350000000000001
        },
        "0,10",
        "0,11",
        "0,12"
      ],
      [
        {
          "x": 0.1,
          "w": 1.75
        },
        "1,0",
        "1,1",
        {
          "x": 9.25
        },
        "1,10",
        "1,11",
        "1,12"
      ],
      [
        {
          "x": 0.1,
          "w": 1.75
        },
        "2,0",
        "2,1",
        {
          "x": 9.25
        },
        "2,10",
        {
          "w": 1.75
        },
        "2,11"
      ],
      [
        {
          "x": 0.1,
          "w": 1.75
        },
        "3,0",
        {
          "x": 10.700000000000001,
          "w": 1.75
        },
        "3,9"
      ],
      [
        {
          "r": 8,
          "y": -4.45,
          "x": 3.15
        },
        "0,2",
        "0,3",
        "0,4",
        "0,5"
      ],
      [
        {
          "x": 3.35
        },
        "1,2",
        "1,3",
        "1,4",
        "1,5"
      ],
      [
        {
          "x": 3.55
        },
        "2,2",
        "2,3",
        "2,4",
        "2,5"
      ],
      [
        {
          "x": 3.75,
          "w": 1.25
        },
        "3,1",
        {
          "w": 1.55
        },
        "3,2",
        "3,3"
      ],
      [
        {
          "r": -8,
          "y": -1.9,
          "x": 7.55
        },
        "0,6",
        "0,7",
        "0,8",
        "0,9"
      ],
      [
        {
          "x": 7.45
        },
        "1,6",
        "1,7",
        "1,8",
        "1,9"
      ],
      [
        {
          "x": 7.3
        },
        "2,6",
        "2,7",
        "2,8",
        "2,9"
      ],
      [
        {
          "x": 7.3
        },
        "3,6",
        {
          "w": 1.5
        },
        "3,7",
        {
          "w": 1.25
        },
        "3,8"
      ]
    ]
  }
}