{"name":"GUN-NUM","vendorId":"0xFEED","productId":"0x1521","lighting":"qmk_backlight","matrix":{"rows":4,"cols":11},"layouts":{"keymap":[[{"x":3},"1,7"],[{"y":-0.9,"x":2},"1,6"],[{"y":-1,"x":4},"1,8"],[{"y":-0.9000000000000001,"x":5},"1,9"],[{"y":-0.8999999999999999,"x":1},"1,5"],[{"y":-0.30000000000000004,"x":3},"2,6"],[{"y":-0.8999999999999999,"x":2},"2,5",{"x":1},"2,7"],[{"y":-0.9000000000000001,"x":5},"2,8"],[{"y":-0.9000000000000001,"x":1},"1,10"],[{"y":-0.2999999999999998,"x":3},"3,5"],[{"y":-0.8999999999999999,"x":2},"2,10",{"x":1},"3,6"],[{"y":-0.8999999999999999,"x":5},"3,7"],[{"y":-0.9000000000000004,"x":1},"2,9"],[{"y":-0.1499999999999999,"x":3.75},"3,8"],[{"rx":5.4,"ry":4.3,"y":-2.5,"x":1.8499999999999996},"0,5"],[{"x":1.8499999999999996},"0,1"],[{"x":0.8499999999999996},"0,2","0,0","0,4"],[{"x":1.8499999999999996},"0,3"],[{"x":1.8499999999999996},"0,6"],[{"r":15,"rx":4.5,"ry":4.1,"y":-0.9999999999999996,"x":0.25},"3,9"]]}}