{
  "name": "GPK60-46A",
  "vendorId": "0xFEED",
  "productId": "0x1414",
  "lighting": "none",
  "matrix": { "rows": 8, "cols": 6 },
  "layouts": {
    "keymap": [
      [
        {
          "x": 0.2,
          "c": "#aaaaaa",
          "sm": "cherry",
          "w": 1.5
        },
        "0,0",
        {
          "c": "#cccccc"
        },
        "0,1",
        {
          "x": 0.20000000000000018
        },
        "0,2",
        "0,3",
        "0,4",
        "0,5",
        {
          "x": 0.9000000000000004
        },
        "3,4",
        "3,5",
        "4,0",
        "4,1",
        {
          "x": 0.25
        },
        "4,2",
        "4,3",
        "4,4"
      ],
      [
        {
          "x": 0.1,
          "c": "#aaaaaa",
          "w": 1.75
        },
        "1,0",
        {
          "c": "#cccccc"
        },
        "1,1",
        {
          "x": 0.25
        },
        "1,2",
        "1,3",
        "1,4",
        "1,5",
        {
          "x": 0.8499999999999996
        },
        "4,5",
        "5,0",
        "5,1",
        "5,2",
        {
          "x": 0.40000000000000036
        },
        "5,3",
        "5,4",
        "5,5"
      ],
      [
        {
          "x": 0.1,
          "c": "#aaaaaa",
          "w": 1.75
        },
        "2,0",
        {
          "c": "#cccccc"
        },
        "2,1",
        {
          "x": 0.4500000000000002
        },
        "2,2",
        "2,3",
        "2,4",
        "2,5",
        {
          "x": 1
        },
        "6,0",
        "6,1",
        "6,2",
        {
          "x": 0.75
        },
        "6,3",
        "6,4",
        {
          "c": "#aaaaaa",
          "w": 1.25
        },
        "6,5"
      ],
      [
        {
          "x": 0.2,
          "w": 1.5
        },
        "3,0",
        {
          "x": 2.05,
          "w": 1.25
        },
        "3,1",
        {
          "w": 1.5
        },
        "3,2",
        {
          "c": "#777777"
        },
        "3,3",
        {
          "x": 0.40000000000000036
        },
        "7,0",
        {
          "c": "#aaaaaa",
          "w": 1.25
        },
        "7,1",
        {
          "w": 1.25
        },
        "7,2",
        {
          "x": 2.1500000000000004,
          "w": 1.5
        },
        "7,3"
      ]
    ]
  }
}